{"accuracy": [0.7229042649269104, 0.9359873533248901, 0.9510697722434998, 0.9752718210220337, 0.9722903966903687, 0.9842160940170288, 0.9893019795417786, 0.9866713285446167, 0.9891266226768494, 0.9917572736740112], "loss": [0.6082642674446106, 0.16421836614608765, 0.13250835239887238, 0.07030895352363586, 0.08043091744184494, 0.04183024913072586, 0.034759536385536194, 0.03436552360653877, 0.03056306764483452, 0.024627240374684334], "val_accuracy": [0.9228611588478088, 0.9684432148933411, 0.9600280523300171, 0.986676037311554, 0.9880785346031189, 0.9873772859573364, 0.9880785346031189, 0.9943898916244507, 0.9908835887908936, 0.9922860860824585], "val_loss": [0.18792623281478882, 0.08439341932535172, 0.15048229694366455, 0.047097984701395035, 0.04010665416717529, 0.03755839541554451, 0.026853403076529503, 0.023198995739221573, 0.0265919528901577, 0.021884921938180923]}